date; content; count object; gess; answer
2021-12-07 21:01:28.301856;;a;1;0
2021-12-07 21:01:50.789860;The Tesla and SpaceX CEO said during the interview that he’s concerned about the federal deficit;a;1;7
2021-12-07 21:06:27.651882;He also said the Biden infrastructure plan should get canned;a;4;5
2021-12-07 21:09:05.484358;“I would say... can the whole bill. Don’t pass it, that’s my recommendation,” Musk said.;i;2;4
2021-12-09 08:18:47.502860;;r;6;0
2021-12-09 08:19:04.974859;I’m trying to write an extremely fast signal processing library in Rust, but I’m a newbie and would like some pointers.;r;6;7
2021-12-09 08:23:34.233858;Serde is a framework for serializing and deserializing Rust data structures efficiently and generically.;i;5;102021-12-10 16:52:08.262202;sudo add-apt-repository ppa:jonmagon/crow-translate;a;1;6
2021-12-10 20:56:02.655168;Kali Linux is a Debian-based distribution with a collection of security and forensics tools. The project has published a new release, ;l;6;62021-12-12 22:33:52.481288;CentOS as a group is a community of open source contributors and users which started in 2003 and has been sponsored by Red Hat since 2014. CentOS Linux versions up to CentOS Linux 8 are 100% compatible rebuilds of Red Hat Enterprise Linux, in;l;4;2
2021-12-12 22:34:51.414682;CentOS as a group is a community of open source contributors and users which started in 2003 and has been sponsored by Red Hat since 2014. CentOS Linux versions up to CentOS Linux 8 are 100% compatible rebuilds of Red Hat Enterprise Linux, in;L;2;3
2021-12-14 14:51:19.031669;The app seems to be designed for social media managers, small business owners, and anyone else who has something to promote but isnâ€™t a pro at graphic design;g;6;5
2021-12-14 14:54:43.218900;The app is free to start, but additional features â€” like access to Adobe Stock images â€” are available for a $9.99 per month subscription;n;8;3
2021-12-15 18:23:16.714024;Back in early 2019 Microsoft announced Windows Terminal as a new terminal for Windows that seemed rather Linux-inspired and supported tabs and other modern functionality.;m;4;4
2021-12-15 18:25:39.562791;Amazon has passed along word that they are hiring for Linux gaming engineers that are experienced in the likes of Valve's DXVK and Proton efforts as well as being experienced with the Mesa open-source graphics drivers, Vulkan, and more;i;7;13
2021-12-16 23:29:57.195096;Earlier this month marked the general availability of CentOS Stream 9 as the bleeding-edge of Red hat Enterprise Linux 9 development.;r;4;7
2021-12-16 23:30:56.824106;GNOME-focused Ubuntu desktop developer Daniel Van Vugt of Canonical has proposed an optimization that could help with running NVIDIA graphics on high refresh rate displays.;g;1;4
2021-12-18 10:23:11.492686;While now half-way through December, Microsoft today published their November 2021 update to CBL-Mariner 1.0, their in-house Linux distribution.;h;4;8
2021-12-18 10:28:57.059767;Horseshoe crab blood provides a natural source of limulus amebocyte lysate (LAL) which is used to test vaccines;h;2;3
2021-12-18 10:32:22.487027;In the Delaware Bay, home to the largest population in the US, horseshoe crab numbers have declined from 1.24 million in 1990 to less than 334,000 in 2002;h;2;8
2021-12-19 23:36:06.738601;Thanks to the reverse-engineering, open-source community there has been mainline Linux driver support ;s;5;5
2021-12-19 23:37:09.760332;Coming as a surprise to end out the week is confirmation that the lead developer and architect for Intel's Linux Vulkan driver has left the company.;n;6;9
2021-12-26 23:54:31.275604;is a specialist Ubuntu-based distribution designed for system rescue tasks. The project's latest release offers file image verification and an option to override filesystem errors;s;11;18
2021-12-29 22:12:27.205019;Boba Fett is finally taking center stage in his own spinoff series, The Book of Boba Fett;s;6;6
2021-12-30 23:32:10.375387; it turns out that JWST might be traveling and collecting data for much longer than initially expected;i;4;7
2021-12-30 23:33:58.597713;According to the space agency, the extra fuel is largely due to the precision of the Arianespace Ariane 5 launch;i;3;6
2021-12-31 22:41:20.052114;This has certainly been a jam-packed year full of, well, chaos, but also some great gadgets and worthwhile savings that help you save some coin along the way.;w;2;4
2021-12-31 22:43:13.323066;Whether it’s mostly a Netflix-machine for your family or the main homework tool for a child, the base iPad is a workhorse that easily sells at its $329 entry price point;w;3;2
2022-01-01 23:12:28.102876;Since we are all about performance and numbers, here is a look at the 2021 statistics for OpenBenchmarking.org itself as the online complementary component to the Phoronix Test Suite.;a;7;11
2022-01-02 23:28:04.634924;Canonical is looking to capitalize on the renewed interest around Linux gaming and the raised prospects thanks to Valve's Steam Play allowing a growing number of compelling Windows games becoming playable on Linux.;c;5;5
2022-01-05 16:56:41.270484;Sony has confirmed the name of its next VR headset: unsurprisingly, itâ€™s going to be called PlayStation VR2.;o;3;6
2022-01-05 17:06:33.839883;The memo hints at concerns Netflix might have had regarding its ability to hire in the wake of the Dave Chappelle controversy.;o;4;6
2022-01-06 22:36:42.641084;After a quiet holiday period the Linux 5.16 kernel is set to be introduced as stable this Sunday. Here is a look at the sixteen most exciting features to find with Linux 5.16.;o;3;8
2022-01-06 22:38:18.794238;- Memory "folios" landed as an improvement to the core Linux memory management code. Look for more memory folios work to come in forthcoming cycles.;o;12;20
2022-01-10 21:24:20.717028;Not only is there a lot of hardware driver action as usual but also some key performance/latency optimizations.;o;8;10
2022-01-10 21:25:35.262691;The HID subsystem changes are rather exciting this time around of the new feature material for Linux 5.17.;o;1;3
2022-01-12 23:10:40.623420;Two inventions on display at CES 2022 suggest the once-futuristic tech is poised to augment human bodies sooner rather than later.;l;2;2
2022-01-14 23:05:20.203662;Apart from its significance for the decentralized finance (DeFi) industry, bitcoin trading has also become a lucrative business opportunity for investors, while mining the coins is a huge source of carbon emissions. ;a;6;11
2023-06-08 11:18:19.052137;pillow needs to be installed;a;1;1
2023-06-08 11:20:03.688505;supports;s;1;2
2023-06-08 11:21:32.956075;finish line with the upcoming;m;2;1
2023-06-08 11:23:40.415833; patches to the asahi agx gallium3d driver;a;4;5
2023-06-08 11:32:05.023882;not all byte slices are strings;t;3;3
2023-06-08 11:33:56.219788;i missed the package manager then, i thought it would have shipped with 0.11.0;p;1;3
2023-06-08 17:15:16.117250; command allows users to compile based on a;a;4;4
2023-06-08 17:25:25.985641;locations of libraries;i;2;3
2023-06-08 17:26:31.235993;from a new folder, run the following commands.;o;4;5
2023-06-08 17:27:15.861991;the zig compiler comes with automatic documentation generation;z;1;1
2023-06-08 21:16:49.265113;https://github.com/lucifer-02/my-utilities;a;1;0
2023-06-08 22:54:32.630249;search;a;1;1
2023-06-08 22:55:26.318869;3 /media/lucifer/storage/importan;a;1;3
2023-06-08 22:56:07.580527;search engine of shadow libraries;e;2;4
2023-06-09 08:54:54.629251;said you could use these three variants.;a;3;3
2023-06-09 15:19:38.589638;steps to reproduce and observed behavior;s;3;3
2023-06-09 17:36:57.129422; today the qt group has published the first beta;o;2;2
2023-06-09 17:37:35.610965;it's still some ways away with the;n;0;0
2023-06-12 15:21:22.025627;iâ€™m a big fan of documentation;n;3;3
2023-06-12 15:21:57.552659;it eradicates guesswork and reinvention of the wheel;l;1;1
2023-06-15 09:35:07.931083;following recent steam client beta updates ;e;5;6
2023-06-15 16:49:06.910732;that way you will end up with an rpm package that has debuggiing ;e;3;3
2023-06-26 16:18:39.077924;more specifically i found out that you can use;o;4;4
2023-06-28 16:43:15.603196;displays information about environmental system components, such as temperature, fan, and voltage.;i;4;4
2023-07-03 16:18:19.731110;retrieving, transforming, reducing, and validating data;e;3;3
2023-07-04 16:09:16.661729;the contents of this book are licensed for free consumption under the following license:;i;3;5
2023-07-04 16:10:06.782135; is an introductory textbook for data science that will be published;d;2;3
2023-07-04 16:16:59.481720;ensure that the urls in the sources list configuration files point to the proper repository before installing a linux package.;n;6;8
2023-07-09 15:27:06.265331;naturally the first thing youâ€™ll need to do in order to get up and running is to download the image;l;3;5
2023-07-12 16:32:43.925774;the shell that is used is really a matter of taste;e;6;6
2023-07-12 16:33:46.391040;ome shells sound a beep or show all the choices if more than one name matches;e;6;10
2023-07-12 16:35:56.611392;another feature of the shell is the use of environment variables;e;9;10
2023-07-12 16:36:55.285214;to prevent the shell from interpreting a special character,;e;7;8
